conflit israelo-palestinien,epoque contemporaine
conflits modernes,epoque contemporaine
conquêtes alexandre le grand,antiquité
conquêtes romaines,antiquité
conquista,epoque moderne
croisades,moyen-âge
deuxième guerre d'afghanistan,epoque contemporaine
deuxième guerre du golf,epoque contemporaine
deuxième guerre mondiale,epoque contemporaine
front africain,epoque contemporaine
front atlantique,epoque contemporaine
front du pacifique,epoque contemporaine
front est,epoque contemporaine
front ouest,epoque contemporaine
guerre anglo-zouloue,epoque contemporaine
guerre civile espagnole,epoque contemporaine
guerre de corée,epoque contemporaine
guerre de sécession,epoque contemporaine
guerre du vietnam,epoque contemporaine
guerre froide,epoque contemporaine
guerre indépendance américaine,epoque moderne
guerre indochine,epoque contemporaine
guerre russo-japonaise,epoque contemporaine
guerres de yougoslavie,epoque contemporaine
guerres napoléoniennes,epoque moderne
invasions barbares,antiquité
invasions mongoles,moyen-âge
invasions vikings,moyen-âge
légendes arthuriennes,mythes
mafia,mythes
mille et une nuits,mythes
mythologie amérindienne,mythes
mythologie égyptienne,mythes
mythologie germano-nordique,mythes
mythologie gréco-romaine,mythes
mythologie médiévale,moyen-âge
mythologie orientale,mythes
mythologie russe,mythes
piraterie,mythes
première guerre afghanistan,epoque contemporaine
première guerre mondiale,epoque contemporaine
sengoku jidai,epoque moderne
talvisota,epoque contemporaine
toutes époques confondues,toutes époques confondues
trois royaumes,antiquité
western,mythes